timestamp,rss_kb
1745519209,2976
1745519210,2976
1745519211,2976
1745519212,2976
1745519213,2976
1745519214,2976
1745519215,2976
1745519216,2976
1745519217,2976
1745519218,2976
1745519219,2976
1745519220,2976
1745519221,2976
1745519222,2976
1745519223,2976
1745519224,2976
1745519225,2976
1745519226,2976
1745519227,2976
1745519228,2976
1745519229,2976
1745519230,2976
1745519231,2976
1745519232,2976
1745519233,2976
1745519234,2976
1745519235,2976
1745519236,2976
1745519237,2976
1745519238,2976
1745519239,2976
1745519240,2976
1745519241,2976
1745519242,2976
1745519243,2976
1745519244,2976
1745519245,2976
1745519246,2976
1745519247,2976
1745519248,2976
1745519249,2976
1745519250,2976
1745519251,2976
1745519252,2976
1745519253,2976
1745519254,2976
1745519255,2976
1745519256,2976
1745519257,2976
1745519259,2976
1745519260,2976
1745519261,2976
1745519262,2976
1745519263,2976
1745519264,2976
1745519265,2976
1745519266,2976
1745519267,2976
1745519268,2976
1745519269,2976
1745519270,2976
1745519271,2976
1745519272,2976
1745519273,2976
1745519274,2976
1745519275,2976
1745519276,2976
1745519277,2976
1745519278,2976
1745519279,2976
1745519280,2976
1745519281,2976
1745519282,2976
1745519283,2976
1745519284,2976
1745519285,2976
1745519286,2976
1745519287,2976
1745519288,2976
1745519289,2976
1745519290,2976
1745519291,2976
1745519292,2976
1745519293,2976
1745519294,2976
1745519295,2976
1745519296,2976
1745519297,2976
1745519298,2976
1745519299,2976
1745519300,2976
1745519301,2976
1745519302,2976
1745519303,2976
1745519304,2976
1745519305,2976
1745519306,2976
1745519307,2976
1745519308,2976
1745519309,2976
1745519310,2976
1745519311,2976
1745519312,2976
1745519313,2976
1745519314,2976
1745519315,2976
1745519316,2976
1745519317,2976
1745519318,2976
1745519319,2976
1745519320,2976
1745519321,2976
1745519322,2976
1745519323,2976
1745519324,2976
1745519325,2976
1745519326,2976
1745519327,2976
1745519329,2976
1745519330,2976
1745519331,2976
1745519332,2976
1745519333,2976
1745519334,2976
1745519335,2976
1745519336,2976
1745519337,2976
1745519338,2976
1745519339,2976
1745519340,2976
1745519341,2976
1745519342,2976
1745519343,2976
1745519344,2976
1745519345,2976
1745519346,2976
1745519347,2976
1745519348,2976
1745519349,2976
1745519350,2976
1745519351,2976
1745519352,2976
1745519353,2976
1745519354,2976
1745519355,2976
1745519356,2976
1745519357,2976
1745519358,2976
1745519359,2976
1745519360,2976
1745519361,2976
1745519362,2976
1745519363,2976
1745519364,2976
1745519365,2976
1745519366,2976
1745519367,2976
1745519368,2976
1745519369,2976
1745519370,2976
1745519371,2976
1745519372,2976
1745519373,2976
1745519374,2976
1745519375,2976
1745519376,2976
1745519377,2976
1745519378,2976
1745519379,2976
1745519380,2976
1745519382,2976
1745519383,2976
1745519384,2976
1745519385,2976
1745519386,2976
1745519387,2976
1745519388,2976
1745519389,2976
1745519390,2976
1745519391,2976
1745519392,2976
1745519393,2976
1745519394,2976
1745519395,2976
1745519396,2976
1745519397,2976
1745519398,2976
1745519399,2976
1745519400,2976
1745519401,2976
1745519402,2976
1745519403,2976
1745519404,2976
1745519405,2976
1745519406,2976
1745519407,2976
1745519408,2976
1745519409,2976
1745519410,2976
1745519411,2976
1745519412,2976
1745519413,2976
1745519414,2976
1745519415,2976
1745519416,2976
1745519417,2976
1745519418,2976
1745519419,2976
1745519420,2976
1745519421,2976
1745519422,2976
1745519423,2976
1745519424,2976
1745519425,2976
1745519426,2976
1745519427,2976
1745519428,2976
1745519429,2976
1745519430,2976
1745519432,2976
1745519433,2976
1745519434,2976
1745519435,2976
1745519436,2976
1745519437,2976
1745519438,2976
1745519439,2976
1745519440,2976
1745519441,2976
1745519442,2976
1745519443,2976
1745519444,2976
1745519445,2976
1745519446,2976
1745519447,2976
1745519448,2976
1745519449,2976
1745519450,2976
1745519451,2976
1745519452,2976
1745519453,2976
1745519454,2976
1745519455,2976
1745519456,2976
1745519457,2976
1745519458,2976
1745519459,2976
1745519460,2976
1745519461,2976
1745519462,2976
1745519463,2976
1745519464,2976
1745519465,2976
1745519466,2976
1745519467,2976
1745519468,2976
1745519469,2976
1745519470,2976
1745519471,2976
1745519472,2976
1745519473,2976
1745519474,2976
1745519475,2976
1745519476,2976
1745519477,2976
1745519478,2976
1745519479,2976
